{"cameraMode":{"drawMode":0,"name":"Shaded","section":"Shading Mode"},"sceneLighting":false,"audioPlay":false,"sceneViewState":{"m_AlwaysRefresh":false,"showFog":true,"showSkybox":false,"showFlares":true,"showImageEffects":true,"showParticleSystems":true,"showVisualEffectGraphs":true,"m_FxEnabled":true},"in2DMode":false,"pivot":{"x":12.489999771118164,"y":0.9975383281707764,"z":-2.880000114440918},"rotation":{"x":0.27565401792526247,"y":0.14551818370819093,"z":-0.04225942865014076,"w":0.9492804408073425},"size":1.1850075721740723,"orthographic":false}