{"cameraMode":{"drawMode":0,"name":"Shaded","section":"Shading Mode"},"sceneLighting":false,"audioPlay":false,"sceneViewState":{"m_AlwaysRefresh":false,"showFog":true,"showSkybox":false,"showFlares":true,"showImageEffects":true,"showParticleSystems":true,"showVisualEffectGraphs":true,"m_FxEnabled":true},"in2DMode":false,"pivot":{"x":0.3901752233505249,"y":1.0280647277832032,"z":0.2075139880180359},"rotation":{"x":0.04908100143074989,"y":0.872372567653656,"z":-0.08956487476825714,"w":0.47805365920066836},"size":2.328251838684082,"orthographic":false}