{"cameraMode":{"drawMode":0,"name":"Shaded","section":"Shading Mode"},"sceneLighting":false,"audioPlay":false,"sceneViewState":{"m_AlwaysRefresh":false,"showFog":true,"showSkybox":false,"showFlares":true,"showImageEffects":true,"showParticleSystems":true,"showVisualEffectGraphs":true,"m_FxEnabled":true},"in2DMode":false,"pivot":{"x":-0.05087161064147949,"y":0.08629131317138672,"z":-0.12269151210784912},"rotation":{"x":0.037271853536367419,"y":0.9531761407852173,"z":-0.2699739634990692,"w":0.13149580359458924},"size":1.0146561861038209,"orthographic":false}