{"cameraMode":{"drawMode":0,"name":"Shaded","section":"Shading Mode"},"sceneLighting":false,"audioPlay":false,"sceneViewState":{"m_AlwaysRefresh":false,"showFog":true,"showSkybox":false,"showFlares":true,"showImageEffects":true,"showParticleSystems":true,"showVisualEffectGraphs":true,"m_FxEnabled":true},"in2DMode":false,"pivot":{"x":0.047961167991161349,"y":0.4822140336036682,"z":0.0821833461523056},"rotation":{"x":0.12702085077762605,"y":-0.8432497382164002,"z":0.2279675453901291,"w":0.47002115845680239},"size":0.8403481841087341,"orthographic":false}