{"cameraMode":{"drawMode":0,"name":"Shaded","section":"Shading Mode"},"sceneLighting":false,"audioPlay":false,"sceneViewState":{"m_AlwaysRefresh":false,"showFog":true,"showSkybox":false,"showFlares":true,"showImageEffects":true,"showParticleSystems":true,"showVisualEffectGraphs":true,"m_FxEnabled":true},"in2DMode":false,"pivot":{"x":-0.05986124277114868,"y":0.4124559164047241,"z":-0.41233783960342409},"rotation":{"x":0.016619641333818437,"y":-0.9831558465957642,"z":0.14016111195087434,"w":0.11645763367414475},"size":1.1868619918823243,"orthographic":false}